plot,set,coding,type,n
variantPlot,unique_somatic,coding,A>G:T>C,128696
variantPlot,unique_somatic,coding,C>T:G>A,506740
variantPlot,unique_somatic,coding,C>A:G>T,184049
variantPlot,unique_somatic,coding,C>G:G>C,89663
variantPlot,unique_somatic,coding,A>T:T>A,53106
variantPlot,unique_somatic,coding,A>C:T>G,65755
variantPlot,unique_somatic,noncoding,A>G:T>C,3943210
variantPlot,unique_somatic,noncoding,C>T:G>A,19538151
variantPlot,unique_somatic,noncoding,C>A:G>T,2833123
variantPlot,unique_somatic,noncoding,C>G:G>C,1335421
variantPlot,unique_somatic,noncoding,A>T:T>A,2551552
variantPlot,unique_somatic,noncoding,A>C:T>G,2260705
contextPlot,unique_somatic,coding,A[C>A]A:T[G>T]T,6568
contextPlot,unique_somatic,coding,A[C>A]C:T[G>T]G,9865
contextPlot,unique_somatic,coding,A[C>A]G:T[G>T]C,5656
contextPlot,unique_somatic,coding,A[C>A]T:T[G>T]A,10349
contextPlot,unique_somatic,coding,C[C>A]A:G[G>T]T,9760
contextPlot,unique_somatic,coding,C[C>A]C:G[G>T]G,10927
contextPlot,unique_somatic,coding,C[C>A]G:G[G>T]C,7876
contextPlot,unique_somatic,coding,C[C>A]T:G[G>T]A,17421
contextPlot,unique_somatic,coding,G[C>A]A:C[G>T]T,5522
contextPlot,unique_somatic,coding,G[C>A]C:C[G>T]G,7861
contextPlot,unique_somatic,coding,G[C>A]G:C[G>T]C,4500
contextPlot,unique_somatic,coding,G[C>A]T:C[G>T]A,8192
contextPlot,unique_somatic,coding,T[C>A]A:A[G>T]T,10572
contextPlot,unique_somatic,coding,T[C>A]C:A[G>T]G,17359
contextPlot,unique_somatic,coding,T[C>A]G:A[G>T]C,8034
contextPlot,unique_somatic,coding,T[C>A]T:A[G>T]A,43587
contextPlot,unique_somatic,coding,A[C>G]A:T[G>C]T,3171
contextPlot,unique_somatic,coding,A[C>G]C:T[G>C]G,3309
contextPlot,unique_somatic,coding,A[C>G]G:T[G>C]C,2011
contextPlot,unique_somatic,coding,A[C>G]T:T[G>C]A,10832
contextPlot,unique_somatic,coding,C[C>G]A:G[G>C]T,3282
contextPlot,unique_somatic,coding,C[C>G]C:G[G>C]G,3226
contextPlot,unique_somatic,coding,C[C>G]G:G[G>C]C,3207
contextPlot,unique_somatic,coding,C[C>G]T:G[G>C]A,6902
contextPlot,unique_somatic,coding,G[C>G]A:C[G>C]T,2001
contextPlot,unique_somatic,coding,G[C>G]C:C[G>C]G,3081
contextPlot,unique_somatic,coding,G[C>G]G:C[G>C]C,1723
contextPlot,unique_somatic,coding,G[C>G]T:C[G>C]A,3156
contextPlot,unique_somatic,coding,T[C>G]A:A[G>C]T,10747
contextPlot,unique_somatic,coding,T[C>G]C:A[G>C]G,7043
contextPlot,unique_somatic,coding,T[C>G]G:A[G>C]C,3287
contextPlot,unique_somatic,coding,T[C>G]T:A[G>C]A,22685
contextPlot,unique_somatic,coding,A[C>T]A:T[G>A]T,9938
contextPlot,unique_somatic,coding,A[C>T]C:T[G>A]G,25198
contextPlot,unique_somatic,coding,A[C>T]G:T[G>A]C,15603
contextPlot,unique_somatic,coding,A[C>T]T:T[G>A]A,34362
contextPlot,unique_somatic,coding,C[C>T]A:G[G>A]T,25887
contextPlot,unique_somatic,coding,C[C>T]C:G[G>A]G,41283
contextPlot,unique_somatic,coding,C[C>T]G:G[G>A]C,25982
contextPlot,unique_somatic,coding,C[C>T]T:G[G>A]A,60284
contextPlot,unique_somatic,coding,G[C>T]A:C[G>A]T,15497
contextPlot,unique_somatic,coding,G[C>T]C:C[G>A]G,26316
contextPlot,unique_somatic,coding,G[C>T]G:C[G>A]C,25784
contextPlot,unique_somatic,coding,G[C>T]T:C[G>A]A,27346
contextPlot,unique_somatic,coding,T[C>T]A:A[G>A]T,35026
contextPlot,unique_somatic,coding,T[C>T]C:A[G>A]G,61415
contextPlot,unique_somatic,coding,T[C>T]G:A[G>A]C,27611
contextPlot,unique_somatic,coding,T[C>T]T:A[G>A]A,49208
contextPlot,unique_somatic,coding,A[T>A]A:T[A>T]T,2249
contextPlot,unique_somatic,coding,A[T>A]C:T[A>T]G,2876
contextPlot,unique_somatic,coding,A[T>A]G:T[A>T]C,2752
contextPlot,unique_somatic,coding,A[T>A]T:T[A>T]A,2910
contextPlot,unique_somatic,coding,C[T>A]A:G[A>T]T,2849
contextPlot,unique_somatic,coding,C[T>A]C:G[A>T]G,4493
contextPlot,unique_somatic,coding,C[T>A]G:G[A>T]C,4711
contextPlot,unique_somatic,coding,C[T>A]T:G[A>T]A,3941
contextPlot,unique_somatic,coding,G[T>A]A:C[A>T]T,2729
contextPlot,unique_somatic,coding,G[T>A]C:C[A>T]G,4737
contextPlot,unique_somatic,coding,G[T>A]G:C[A>T]C,2968
contextPlot,unique_somatic,coding,G[T>A]T:C[A>T]A,2355
contextPlot,unique_somatic,coding,T[T>A]A:A[A>T]T,2915
contextPlot,unique_somatic,coding,T[T>A]C:A[A>T]G,3962
contextPlot,unique_somatic,coding,T[T>A]G:A[A>T]C,2487
contextPlot,unique_somatic,coding,T[T>A]T:A[A>T]A,4172
contextPlot,unique_somatic,coding,A[T>C]A:T[A>G]T,7028
contextPlot,unique_somatic,coding,A[T>C]C:T[A>G]G,5563
contextPlot,unique_somatic,coding,A[T>C]G:T[A>G]C,9900
contextPlot,unique_somatic,coding,A[T>C]T:T[A>G]A,5544
contextPlot,unique_somatic,coding,C[T>C]A:G[A>G]T,5400
contextPlot,unique_somatic,coding,C[T>C]C:G[A>G]G,8089
contextPlot,unique_somatic,coding,C[T>C]G:G[A>G]C,10915
contextPlot,unique_somatic,coding,C[T>C]T:G[A>G]A,8462
contextPlot,unique_somatic,coding,G[T>C]A:C[A>G]T,9875
contextPlot,unique_somatic,coding,G[T>C]C:C[A>G]G,11001
contextPlot,unique_somatic,coding,G[T>C]G:C[A>G]C,9590
contextPlot,unique_somatic,coding,G[T>C]T:C[A>G]A,8807
contextPlot,unique_somatic,coding,T[T>C]A:A[A>G]T,5542
contextPlot,unique_somatic,coding,T[T>C]C:A[A>G]G,8440
contextPlot,unique_somatic,coding,T[T>C]G:A[A>G]C,8764
contextPlot,unique_somatic,coding,T[T>C]T:A[A>G]A,5776
contextPlot,unique_somatic,coding,A[T>G]A:T[A>C]T,1202
contextPlot,unique_somatic,coding,A[T>G]C:T[A>C]G,1715
contextPlot,unique_somatic,coding,A[T>G]G:T[A>C]C,1932
contextPlot,unique_somatic,coding,A[T>G]T:T[A>C]A,3035
contextPlot,unique_somatic,coding,C[T>G]A:G[A>C]T,1760
contextPlot,unique_somatic,coding,C[T>G]C:G[A>C]G,3442
contextPlot,unique_somatic,coding,C[T>G]G:G[A>C]C,3516
contextPlot,unique_somatic,coding,C[T>G]T:G[A>C]A,7401
contextPlot,unique_somatic,coding,G[T>G]A:C[A>C]T,1950
contextPlot,unique_somatic,coding,G[T>G]C:C[A>C]G,3541
contextPlot,unique_somatic,coding,G[T>G]G:C[A>C]C,7746
contextPlot,unique_somatic,coding,G[T>G]T:C[A>C]A,3128
contextPlot,unique_somatic,coding,T[T>G]A:A[A>C]T,2982
contextPlot,unique_somatic,coding,T[T>G]C:A[A>C]G,7083
contextPlot,unique_somatic,coding,T[T>G]G:A[A>C]C,3127
contextPlot,unique_somatic,coding,T[T>G]T:A[A>C]A,12195
contextPlot,unique_somatic,noncoding,A[C>A]A:T[G>T]T,269582
contextPlot,unique_somatic,noncoding,A[C>A]C:T[G>T]G,230237
contextPlot,unique_somatic,noncoding,A[C>A]G:T[G>T]C,112561
contextPlot,unique_somatic,noncoding,A[C>A]T:T[G>T]A,230387
contextPlot,unique_somatic,noncoding,C[C>A]A:G[G>T]T,229991
contextPlot,unique_somatic,noncoding,C[C>A]C:G[G>T]G,188950
contextPlot,unique_somatic,noncoding,C[C>A]G:G[G>T]C,85054
contextPlot,unique_somatic,noncoding,C[C>A]T:G[G>T]A,250824
contextPlot,unique_somatic,noncoding,G[C>A]A:C[G>T]T,112312
contextPlot,unique_somatic,noncoding,G[C>A]C:C[G>T]G,85524
contextPlot,unique_somatic,noncoding,G[C>A]G:C[G>T]C,31886
contextPlot,unique_somatic,noncoding,G[C>A]T:C[G>T]A,85755
contextPlot,unique_somatic,noncoding,T[C>A]A:A[G>T]T,224796
contextPlot,unique_somatic,noncoding,T[C>A]C:A[G>T]G,251779
contextPlot,unique_somatic,noncoding,T[C>A]G:A[G>T]C,85849
contextPlot,unique_somatic,noncoding,T[C>A]T:A[G>T]A,357636
contextPlot,unique_somatic,noncoding,A[C>G]A:T[G>C]T,102464
contextPlot,unique_somatic,noncoding,A[C>G]C:T[G>C]G,63789
contextPlot,unique_somatic,noncoding,A[C>G]G:T[G>C]C,34419
contextPlot,unique_somatic,noncoding,A[C>G]T:T[G>C]A,144725
contextPlot,unique_somatic,noncoding,C[C>G]A:G[G>C]T,63299
contextPlot,unique_somatic,noncoding,C[C>G]C:G[G>C]G,62028
contextPlot,unique_somatic,noncoding,C[C>G]G:G[G>C]C,38839
contextPlot,unique_somatic,noncoding,C[C>G]T:G[G>C]A,104503
contextPlot,unique_somatic,noncoding,G[C>G]A:C[G>C]T,34414
contextPlot,unique_somatic,noncoding,G[C>G]C:C[G>C]G,39420
contextPlot,unique_somatic,noncoding,G[C>G]G:C[G>C]C,16420
contextPlot,unique_somatic,noncoding,G[C>G]T:C[G>C]A,41481
contextPlot,unique_somatic,noncoding,T[C>G]A:A[G>C]T,143908
contextPlot,unique_somatic,noncoding,T[C>G]C:A[G>C]G,104952
contextPlot,unique_somatic,noncoding,T[C>G]G:A[G>C]C,41543
contextPlot,unique_somatic,noncoding,T[C>G]T:A[G>C]A,299217
contextPlot,unique_somatic,noncoding,A[C>T]A:T[G>A]T,249770
contextPlot,unique_somatic,noncoding,A[C>T]C:T[G>A]G,946717
contextPlot,unique_somatic,noncoding,A[C>T]G:T[G>A]C,203639
contextPlot,unique_somatic,noncoding,A[C>T]T:T[G>A]A,1925425
contextPlot,unique_somatic,noncoding,C[C>T]A:G[G>A]T,943525
contextPlot,unique_somatic,noncoding,C[C>T]C:G[G>A]G,1625531
contextPlot,unique_somatic,noncoding,C[C>T]G:G[G>A]C,329418
contextPlot,unique_somatic,noncoding,C[C>T]T:G[G>A]A,3459996
contextPlot,unique_somatic,noncoding,G[C>T]A:C[G>A]T,204218
contextPlot,unique_somatic,noncoding,G[C>T]C:C[G>A]G,329676
contextPlot,unique_somatic,noncoding,G[C>T]G:C[G>A]C,201476
contextPlot,unique_somatic,noncoding,G[C>T]T:C[G>A]A,623130
contextPlot,unique_somatic,noncoding,T[C>T]A:A[G>A]T,1924113
contextPlot,unique_somatic,noncoding,T[C>T]C:A[G>A]G,3456699
contextPlot,unique_somatic,noncoding,T[C>T]G:A[G>A]C,623725
contextPlot,unique_somatic,noncoding,T[C>T]T:A[G>A]A,2491093
contextPlot,unique_somatic,noncoding,A[T>A]A:T[A>T]T,209119
contextPlot,unique_somatic,noncoding,A[T>A]C:T[A>T]G,103412
contextPlot,unique_somatic,noncoding,A[T>A]G:T[A>T]C,99712
contextPlot,unique_somatic,noncoding,A[T>A]T:T[A>T]A,280085
contextPlot,unique_somatic,noncoding,C[T>A]A:G[A>T]T,102613
contextPlot,unique_somatic,noncoding,C[T>A]C:G[A>T]G,125957
contextPlot,unique_somatic,noncoding,C[T>A]G:G[A>T]C,93760
contextPlot,unique_somatic,noncoding,C[T>A]T:G[A>T]A,168812
contextPlot,unique_somatic,noncoding,G[T>A]A:C[A>T]T,100059
contextPlot,unique_somatic,noncoding,G[T>A]C:C[A>T]G,93711
contextPlot,unique_somatic,noncoding,G[T>A]G:C[A>T]C,75762
contextPlot,unique_somatic,noncoding,G[T>A]T:C[A>T]A,99205
contextPlot,unique_somatic,noncoding,T[T>A]A:A[A>T]T,278686
contextPlot,unique_somatic,noncoding,T[T>A]C:A[A>T]G,168389
contextPlot,unique_somatic,noncoding,T[T>A]G:A[A>T]C,98900
contextPlot,unique_somatic,noncoding,T[T>A]T:A[A>T]A,453370
contextPlot,unique_somatic,noncoding,A[T>C]A:T[A>G]T,356731
contextPlot,unique_somatic,noncoding,A[T>C]C:T[A>G]G,150985
contextPlot,unique_somatic,noncoding,A[T>C]G:T[A>G]C,209138
contextPlot,unique_somatic,noncoding,A[T>C]T:T[A>G]A,321564
contextPlot,unique_somatic,noncoding,C[T>C]A:G[A>G]T,151879
contextPlot,unique_somatic,noncoding,C[T>C]C:G[A>G]G,205016
contextPlot,unique_somatic,noncoding,C[T>C]G:G[A>G]C,145509
contextPlot,unique_somatic,noncoding,C[T>C]T:G[A>G]A,330734
contextPlot,unique_somatic,noncoding,G[T>C]A:C[A>G]T,209077
contextPlot,unique_somatic,noncoding,G[T>C]C:C[A>G]G,145710
contextPlot,unique_somatic,noncoding,G[T>C]G:C[A>G]C,139626
contextPlot,unique_somatic,noncoding,G[T>C]T:C[A>G]A,293358
contextPlot,unique_somatic,noncoding,T[T>C]A:A[A>G]T,323497
contextPlot,unique_somatic,noncoding,T[T>C]C:A[A>G]G,330476
contextPlot,unique_somatic,noncoding,T[T>C]G:A[A>G]C,293443
contextPlot,unique_somatic,noncoding,T[T>C]T:A[A>G]A,336467
contextPlot,unique_somatic,noncoding,A[T>G]A:T[A>C]T,86062
contextPlot,unique_somatic,noncoding,A[T>G]C:T[A>C]G,45829
contextPlot,unique_somatic,noncoding,A[T>G]G:T[A>C]C,61286
contextPlot,unique_somatic,noncoding,A[T>G]T:T[A>C]A,136808
contextPlot,unique_somatic,noncoding,C[T>G]A:G[A>C]T,46487
contextPlot,unique_somatic,noncoding,C[T>G]C:G[A>C]G,77654
contextPlot,unique_somatic,noncoding,C[T>G]G:G[A>C]C,66886
contextPlot,unique_somatic,noncoding,C[T>G]T:G[A>C]A,331997
contextPlot,unique_somatic,noncoding,G[T>G]A:C[A>C]T,61262
contextPlot,unique_somatic,noncoding,G[T>G]C:C[A>C]G,66473
contextPlot,unique_somatic,noncoding,G[T>G]G:C[A>C]C,124757
contextPlot,unique_somatic,noncoding,G[T>G]T:C[A>C]A,156620
contextPlot,unique_somatic,noncoding,T[T>G]A:A[A>C]T,136825
contextPlot,unique_somatic,noncoding,T[T>G]C:A[A>C]G,330333
contextPlot,unique_somatic,noncoding,T[T>G]G:A[A>C]C,155902
contextPlot,unique_somatic,noncoding,T[T>G]T:A[A>C]A,375524
consequencePlot,unique_somatic,coding,splice_acceptor_variant,11165
consequencePlot,unique_somatic,coding,splice_donor_variant,8188
consequencePlot,unique_somatic,coding,stop_gained,54882
consequencePlot,unique_somatic,coding,stop_lost,887
consequencePlot,unique_somatic,coding,stop_retained_variant,489
consequencePlot,unique_somatic,coding,start_lost,1188
consequencePlot,unique_somatic,coding,missense_variant,687737
consequencePlot,unique_somatic,coding,synonymous_variant,263473
consequencePlot,unique_somatic,noncoding,splice_region_variant,32483
consequencePlot,unique_somatic,noncoding,5_prime_UTR_variant,38770
consequencePlot,unique_somatic,noncoding,3_prime_UTR_variant,174514
consequencePlot,unique_somatic,noncoding,non_coding_transcript_exon_variant,223639
consequencePlot,unique_somatic,noncoding,intron_variant,14060878
consequencePlot,unique_somatic,noncoding,NMD_transcript_variant,0
consequencePlot,unique_somatic,noncoding,non_coding_transcript_variant,9
consequencePlot,unique_somatic,noncoding,upstream_gene_variant,1659534
consequencePlot,unique_somatic,noncoding,downstream_gene_variant,1478810
consequencePlot,unique_somatic,noncoding,intergenic_variant,14793525
